QueryId,DocumentId
10001,70
10001,81
10001,277
10001,252
10001,199
10001,251
10001,201
10001,51
10001,229
10001,22
10002,162
10002,83
10002,40
10002,71
10002,79
10002,166
10002,130
10002,159
10002,135
10002,100
10003,86
10003,70
10003,85
10003,104
10003,39
10003,141
10003,19
10003,140
10003,96
10003,106
10004,59
10004,86
10004,108
10004,10
10004,83
10004,8
10004,13
10004,80
10004,35
10004,61
10005,59
10005,76
10005,72
10005,64
10005,31
10005,40
10005,55
10005,74
10005,67
10005,68
10006,290
10006,265
10006,101
10006,1
10006,253
10006,52
10006,9
10006,34
10006,184
10006,28
10007,163
10007,133
10007,72
10007,85
10007,29
10007,81
10007,10
10007,141
10007,136
10007,18
10008,99
10008,40
10008,11
10008,131
10008,67
10008,96
10008,117
10008,136
10008,94
10008,127
10009,41
10009,89
10009,53
10009,94
10009,95
10009,60
10009,44
10009,23
10009,51
10009,38
10010,57
10010,6
10010,42
10010,58
10010,113
10010,3
10010,48
10010,99
10010,71
10010,68
10011,28
10011,46
10011,31
10011,45
10011,58
10011,18
10011,15
10011,19
10011,44
10011,53
10012,1
10012,54
10012,52
10012,57
10012,3
10012,61
10012,60
10012,38
10012,46
10012,62
10013,138
10013,83
10013,139
10013,47
10013,6
10013,95
10013,142
10013,148
10013,119
10013,113
10014,6
10014,44
10014,26
10014,4
10014,34
10014,50
10014,15
10014,30
10014,31
10014,18
10016,85
10016,86
10016,51
10016,63
10016,16
10016,47
10016,92
10016,23
10016,73
10016,7
10017,101
10017,156
10017,165
10017,111
10017,99
10017,132
10017,38
10017,109
10017,147
10017,32
10018,48
10018,83
10018,71
10018,8
10018,77
10018,76
10018,35
10018,16
10018,14
10018,50
10019,89
10019,54
10019,35
10019,15
10019,150
10019,175
10019,11
10019,121
10019,116
10019,151
10020,13
10020,57
10020,21
10020,96
10020,62
10020,110
10020,86
10020,115
10020,134
10020,52
10021,36
10021,101
10021,92
10021,88
10021,69
10021,24
10021,1
10021,2
10021,26
10021,68
10022,31
10022,8
10022,66
10022,41
10022,68
10022,53
10022,57
10022,2
10022,39
10022,30
10023,57
10023,12
10023,72
10023,87
10023,90
10023,54
10023,84
10023,18
10023,60
10023,29
10024,80
10024,25
10024,58
10024,19
10024,48
10024,45
10024,8
10024,62
10024,87
10024,60
10025,40
10025,35
10025,59
10025,73
10025,81
10025,84
10025,2
10025,46
10025,24
10025,67
10026,112
10026,126
10026,167
10026,197
10026,35
10026,138
10026,122
10026,54
10026,137
10026,168
10027,20
10027,64
10027,99
10027,84
10027,12
10027,88
10027,105
10027,80
10027,120
10027,72
10028,72
10028,22
10028,19
10028,38
10028,17
10028,52
10028,28
10028,55
10028,67
10028,44
10029,116
10029,55
10029,49
10029,110
10029,71
10029,45
10029,62
10029,32
10029,97
10029,105
10030,27
10030,30
10030,49
10030,103
10030,85
10030,60
10030,95
10030,2
10030,66
10030,91
10031,98
10031,107
10031,80
10031,23
10031,114
10031,7
10031,41
10031,77
10031,11
10031,99
10032,25
10032,72
10032,76
10032,6
10032,30
10032,23
10032,15
10032,24
10032,22
10032,74
10033,51
10033,90
10033,12
10033,142
10033,27
10033,19
10033,123
10033,22
10033,94
10033,99
10034,117
10034,35
10034,88
10034,116
10034,8
10034,115
10034,27
10034,84
10034,73
10034,21
10035,41
10035,11
10035,31
10035,10
10035,37
10035,49
10035,21
10035,2
10035,5
10035,25
10037,121
10037,15
10037,19
10037,77
10037,43
10037,105
10037,140
10037,158
10037,95
10037,90
10038,22
10038,34
10038,49
10038,37
10038,61
10038,50
10038,31
10038,56
10038,39
10038,41
10039,96
10039,66
10039,12
10039,79
10039,62
10039,84
10039,73
10039,88
10039,0
10039,90
10040,109
10040,123
10040,16
10040,69
10040,45
10040,67
10040,66
10040,23
10040,139
10040,59
10041,90
10041,93
10041,80
10041,52
10041,70
10041,9
10041,5
10041,86
10041,87
10041,7
10042,147
10042,256
10042,121
10042,234
10042,236
10042,26
10042,225
10042,138
10042,259
10042,49
10043,15
10043,1
10043,38
10043,59
10043,21
10043,42
10043,50
10043,46
10043,35
10043,28
10044,9
10044,29
10044,64
10044,68
10044,31
10044,2
10044,18
10044,44
10044,17
10044,63
10045,106
10045,86
10045,85
10045,110
10045,101
10045,107
10045,34
10045,28
10045,91
10045,74
10046,49
10046,35
10046,48
10046,5
10046,39
10046,38
10046,0
10046,54
10046,44
10046,41
10047,34
10047,9
10047,78
10047,50
10047,39
10047,26
10047,57
10047,68
10047,75
10047,46
10048,30
10048,8
10048,37
10048,47
10048,26
10048,53
10048,55
10048,28
10048,66
10048,36
10049,29
10049,4
10049,20
10049,25
10049,26
10049,34
10049,32
10049,37
10049,16
10049,8
10050,65
10050,33
10050,5
10050,63
10050,76
10050,38
10050,56
10050,24
10050,47
10050,6
10051,2
10051,163
10051,101
10051,65
10051,42
10051,46
10051,24
10051,172
10051,30
10051,162
10052,87
10052,69
10052,59
10052,78
10052,117
10052,124
10052,88
10052,115
10052,139
10052,109
10053,101
10053,34
10053,116
10053,84
10053,18
10053,27
10053,73
10053,110
10053,28
10053,108
10054,95
10054,17
10054,45
10054,38
10054,85
10054,79
10054,37
10054,91
10054,3
10054,47
10055,66
10055,67
10055,0
10055,6
10055,4
10055,8
10055,32
10055,28
10055,42
10055,46
10056,51
10056,99
10056,178
10056,102
10056,179
10056,8
10056,88
10056,85
10056,116
10056,93
10057,151
10057,139
10057,24
10057,131
10057,158
10057,179
10057,98
10057,53
10057,62
10057,125
10058,77
10058,59
10058,95
10058,187
10058,14
10058,100
10058,114
10058,53
10058,76
10058,122
10059,106
10059,48
10059,50
10059,54
10059,60
10059,93
10059,57
10059,135
10059,96
10059,110
10060,76
10060,36
10060,45
10060,51
10060,7
10060,52
10060,84
10060,63
10060,4
10060,5
10061,26
10061,68
10061,41
10061,8
10061,48
10061,55
10061,49
10061,2
10061,14
10061,56
10063,33
10063,29
10063,14
10063,11
10063,40
10063,17
10063,34
10063,3
10063,30
10063,10
10065,109
10065,33
10065,75
10065,99
10065,117
10065,59
10065,86
10065,88
10065,40
10065,72
10066,64
10066,8
10066,85
10066,42
10066,60
10066,10
10066,73
10066,41
10066,80
10066,79
10067,11
10067,24
10067,147
10067,105
10067,64
10067,138
10067,35
10067,65
10067,1
10067,7
10068,30
10068,33
10068,24
10068,29
10068,13
10068,31
10068,16
10068,10
10068,18
10068,0
10069,10
10069,33
10069,46
10069,54
10069,56
10069,62
10069,45
10069,0
10069,72
10069,19
10071,87
10071,45
10071,33
10071,89
10071,11
10071,81
10071,52
10071,19
10071,41
10071,82
10072,387
10072,379
10072,276
10072,322
10072,398
10072,413
10072,15
10072,324
10072,386
10072,201
10073,24
10073,80
10073,128
10073,55
10073,72
10073,21
10073,117
10073,69
10073,97
10073,33
10074,10
10074,46
10074,13
10074,49
10074,31
10074,18
10074,58
10074,0
10074,33
10074,43
10075,22
10075,86
10075,66
10075,55
10075,83
10075,38
10075,46
10075,17
10075,25
10075,45
10076,53
10076,27
10076,30
10076,28
10076,41
10076,4
10076,54
10076,37
10076,32
10076,40
10077,60
10077,13
10077,64
10077,54
10077,34
10077,72
10077,19
10077,75
10077,66
10077,87
10078,76
10078,69
10078,95
10078,109
10078,92
10078,61
10078,106
10078,104
10078,101
10078,97
10079,21
10079,13
10079,4
10079,24
10079,7
10079,3
10079,14
10079,5
10079,11
10079,8
10080,309
10080,200
10080,12
10080,134
10080,313
10080,318
10080,282
10080,427
10080,44
10080,201
10082,64
10082,104
10082,65
10082,107
10082,122
10082,50
10082,30
10082,105
10082,80
10082,145
10083,184
10083,171
10083,28
10083,121
10083,118
10083,35
10083,3
10083,81
10083,55
10083,4
10084,99
10084,75
10084,3
10084,23
10084,87
10084,72
10084,118
10084,4
10084,82
10084,126
10085,75
10085,111
10085,92
10085,7
10085,76
10085,83
10085,85
10085,122
10085,44
10085,53
10086,1
10086,64
10086,97
10086,46
10086,5
10086,60
10086,22
10086,27
10086,51
10086,102
10087,6
10087,39
10087,9
10087,63
10087,85
10087,78
10087,44
10087,46
10087,61
10087,56
10088,38
10088,32
10088,61
10088,7
10088,74
10088,51
10088,8
10088,20
10088,62
10088,80
10089,324
10089,101
10089,39
10089,53
10089,83
10089,268
10089,6
10089,293
10089,187
10089,88
10090,72
10090,14
10090,95
10090,25
10090,20
10090,78
10090,114
10090,188
10090,29
10090,127
10091,2
10091,22
10091,18
10091,44
10091,26
10091,48
10091,35
10091,41
10091,19
10091,11
10093,76
10093,23
10093,9
10093,64
10093,20
10093,92
10093,85
10093,42
10093,12
10093,77
10094,49
10094,2
10094,4
10094,16
10094,21
10094,52
10094,9
10094,35
10094,43
10094,41
10095,88
10095,28
10095,173
10095,68
10095,27
10095,66
10095,118
10095,139
10095,180
10095,111
10096,75
10096,35
10096,70
10096,6
10096,50
10096,18
10096,48
10096,25
10096,47
10096,12
10097,15
10097,73
10097,26
10097,9
10097,34
10097,55
10097,1
10097,47
10097,39
10097,13
10098,59
10098,76
10098,16
10098,84
10098,27
10098,75
10098,72
10098,15
10098,35
10098,42
10099,144
10099,37
10099,105
10099,151
10099,91
10099,26
10099,135
10099,21
10099,119
10099,33
10101,24
10101,4
10101,37
10101,27
10101,2
10101,10
10101,5
10101,36
10101,1
10101,33
10102,4
10102,65
10102,131
10102,41
10102,93
10102,58
10102,48
10102,31
10102,107
10102,8
10103,19
10103,13
10103,27
10103,21
10103,44
10103,71
10103,33
10103,52
10103,70
10103,0
10104,168
10104,165
10104,139
10104,98
10104,89
10104,16
10104,119
10104,49
10104,64
10104,30
10105,100
10105,233
10105,230
10105,351
10105,321
10105,108
10105,172
10105,316
10105,54
10105,341
10106,21
10106,76
10106,36
10106,33
10106,24
10106,16
10106,1
10106,63
10106,31
10106,67
10107,38
10107,74
10107,52
10107,77
10107,29
10107,65
10107,41
10107,36
10107,57
10107,51
10108,18
10108,7
10108,16
10108,36
10108,22
10108,30
10108,1
10108,52
10108,29
10108,20
10109,29
10109,20
10109,47
10109,9
10109,45
10109,69
10109,66
10109,16
10109,44
10109,8
10110,37
10110,28
10110,62
10110,46
10110,0
10110,44
10110,68
10110,27
10110,69
10110,54
10112,95
10112,51
10112,75
10112,104
10112,42
10112,88
10112,61
10112,7
10112,13
10112,25
10113,52
10113,226
10113,72
10113,180
10113,60
10113,198
10113,184
10113,2
10113,49
10113,233
10114,41
10114,32
10114,18
10114,30
10114,36
10114,25
10114,42
10114,21
10114,5
10114,13
10115,13
10115,54
10115,61
10115,82
10115,75
10115,70
10115,66
10115,51
10115,71
10115,83
10116,51
10116,60
10116,49
10116,95
10116,40
10116,25
10116,128
10116,42
10116,102
10116,8
10117,108
10117,101
10117,71
10117,41
10117,107
10117,5
10117,98
10117,1
10117,88
10117,25
10118,9
10118,10
10118,8
10118,15
10118,80
10118,67
10118,88
10118,92
10118,81
10118,3
10119,31
10119,12
10119,32
10119,70
10119,34
10119,51
10119,65
10119,50
10119,90
10119,66
10120,232
10120,27
10120,114
10120,242
10120,88
10120,145
10120,38
10120,205
10120,248
10120,7
10121,103
10121,58
10121,64
10121,54
10121,108
10121,99
10121,49
10121,21
10121,25
10121,104
10122,14
10122,44
10122,3
10122,36
10122,38
10122,46
10122,55
10122,18
10122,6
10122,50
10124,79
10124,15
10124,72
10124,18
10124,60
10124,91
10124,81
10124,37
10124,63
10124,41
10125,168
10125,186
10125,150
10125,218
10125,202
10125,178
10125,177
10125,167
10125,157
10125,169
10126,46
10126,44
10126,23
10126,34
10126,29
10126,77
10126,36
10126,9
10126,87
10126,54
10127,82
10127,6
10127,61
10127,26
10127,87
10127,84
10127,72
10127,25
10127,8
10127,3
10128,14
10128,62
10128,3
10128,26
10128,51
10128,68
10128,10
10128,44
10128,2
10128,57
10129,84
10129,99
10129,25
10129,68
10129,122
10129,155
10129,138
10129,153
10129,107
10129,162
10130,100
10130,56
10130,7
10130,44
10130,111
10130,138
10130,55
10130,69
10130,181
10130,68
10132,11
10132,0
10132,2
10132,37
10132,1
10132,32
10132,14
10132,15
10132,45
10132,27
10133,34
10133,24
10133,51
10133,63
10133,36
10133,31
10133,62
10133,59
10133,44
10133,0
10134,91
10134,108
10134,48
10134,117
10134,62
10134,127
10134,27
10134,26
10134,53
10134,121
10135,22
10135,93
10135,61
10135,52
10135,77
10135,64
10135,66
10135,123
10135,96
10135,91
10136,35
10136,8
10136,19
10136,15
10136,25
10136,31
10136,21
10136,24
10136,23
10136,29
10137,31
10137,21
10137,52
10137,6
10137,14
10137,103
10137,7
10137,72
10137,5
10137,46
10138,4
10138,51
10138,8
10138,58
10138,82
10138,53
10138,86
10138,71
10138,69
10138,74
10139,16
10139,12
10139,21
10139,48
10139,46
10139,33
10139,5
10139,34
10139,30
10139,0
10140,132
10140,48
10140,167
10140,40
10140,67
10140,63
10140,174
10140,17
10140,103
10140,32
10141,59
10141,138
10141,58
10141,85
10141,32
10141,42
10141,79
10141,98
10141,48
10141,56
10142,96
10142,71
10142,36
10142,32
10142,128
10142,40
10142,2
10142,64
10142,78
10142,95
10143,66
10143,61
10143,58
10143,25
10143,40
10143,76
10143,43
10143,78
10143,19
10143,36
10144,21
10144,27
10144,7
10144,2
10144,44
10144,36
10144,61
10144,91
10144,46
10144,74
10145,5
10145,38
10145,19
10145,37
10145,34
10145,1
10145,21
10145,73
10145,49
10145,6
10146,179
10146,41
10146,177
10146,93
10146,36
10146,99
10146,91
10146,94
10146,110
10146,81
10147,49
10147,29
10147,55
10147,3
10147,40
10147,61
10147,26
10147,50
10147,20
10147,42
10148,102
10148,192
10148,100
10148,145
10148,201
10148,59
10148,122
10148,142
10148,9
10148,171
10149,13
10149,26
10149,60
10149,34
10149,39
10149,63
10149,66
10149,43
10149,72
10149,42
10150,147
10150,71
10150,23
10150,209
10150,171
10150,108
10150,77
10150,32
10150,118
10150,158
10151,23
10151,38
10151,48
10151,21
10151,27
10151,9
10151,13
10151,11
10151,52
10151,41
10152,43
10152,104
10152,20
10152,48
10152,34
10152,54
10152,42
10152,68
10152,35
10152,55
10153,245
10153,230
10153,104
10153,149
10153,93
10153,89
10153,1
10153,85
10153,169
10153,23
10154,69
10154,18
10154,57
10154,5
10154,0
10154,56
10154,53
10154,71
10154,13
10154,49
10155,97
10155,109
10155,75
10155,22
10155,25
10155,64
10155,41
10155,17
10155,140
10155,16
10156,77
10156,106
10156,40
10156,32
10156,44
10156,57
10156,95
10156,6
10156,70
10156,35
10157,194
10157,134
10157,7
10157,213
10157,208
10157,209
10157,54
10157,245
10157,247
10157,227
10158,29
10158,0
10158,30
10158,32
10158,3
10158,9
10158,26
10158,50
10158,31
10158,42
10159,111
10159,39
10159,25
10159,29
10159,130
10159,92
10159,125
10159,20
10159,57
10159,36
10160,18
10160,76
10160,148
10160,49
10160,82
10160,23
10160,27
10160,152
10160,157
10160,171
10161,5
10161,147
10161,80
10161,125
10161,35
10161,29
10161,166
10161,3
10161,2
10161,140
10162,90
10162,102
10162,25
10162,125
10162,143
10162,109
10162,89
10162,119
10162,41
10162,85
10163,20
10163,21
10163,30
10163,37
10163,22
10163,14
10163,34
10163,25
10163,40
10163,13
10164,142
10164,159
10164,82
10164,151
10164,145
10164,144
10164,83
10164,49
10164,136
10164,48
10165,48
10165,104
10165,8
10165,80
10165,20
10165,47
10165,31
10165,38
10165,67
10165,37
10166,65
10166,21
10166,10
10166,174
10166,167
10166,15
10166,172
10166,17
10166,143
10166,119
10167,72
10167,57
10167,95
10167,42
10167,87
10167,86
10167,60
10167,40
10167,68
10167,76
10168,153
10168,10
10168,139
10168,76
10168,135
10168,2
10168,157
10168,3
10168,155
10168,51
10170,18
10170,163
10170,9
10170,145
10170,112
10170,130
10170,69
10170,8
10170,48
10170,58
10171,64
10171,58
10171,16
10171,48
10171,36
10171,0
10171,6
10171,18
10171,25
10171,27
10172,52
10172,87
10172,78
10172,46
10172,122
10172,32
10172,64
10172,106
10172,107
10172,38
10173,132
10173,122
10173,88
10173,89
10173,54
10173,23
10173,34
10173,56
10173,99
10173,123
10174,119
10174,57
10174,25
10174,7
10174,85
10174,67
10174,20
10174,111
10174,5
10174,15
10175,80
10175,58
10175,71
10175,55
10175,81
10175,83
10175,47
10175,51
10175,76
10175,52
10176,116
10176,10
10176,9
10176,47
10176,25
10176,112
10176,62
10176,64
10176,26
10176,91
10177,26
10177,91
10177,78
10177,5
10177,106
10177,32
10177,64
10177,54
10177,89
10177,22
10178,27
10178,3
10178,70
10178,81
10178,85
10178,76
10178,24
10178,75
10178,68
10178,73
10179,53
10179,26
10179,74
10179,88
10179,14
10179,101
10179,3
10179,80
10179,12
10179,127
10181,106
10181,5
10181,94
10181,127
10181,6
10181,52
10181,61
10181,171
10181,25
10181,159
10182,9
10182,1
10182,3
10182,2
10182,43
10182,56
10182,27
10182,41
10182,8
10182,20
10184,92
10184,23
10184,188
10184,180
10184,161
10184,106
10184,116
10184,130
10184,2
10184,5
10185,43
10185,23
10185,44
10185,6
10185,3
10185,41
10185,18
10185,8
10185,21
10185,54
10186,77
10186,39
10186,37
10186,30
10186,55
10186,31
10186,9
10186,51
10186,91
10186,20
10187,0
10187,39
10187,31
10187,35
10187,77
10187,9
10187,37
10187,26
10187,19
10187,107
10188,13
10188,7
10188,11
10188,14
10188,18
10188,2
10188,25
10188,21
10188,26
10188,29
10189,69
10189,9
10189,102
10189,66
10189,0
10189,36
10189,58
10189,97
10189,84
10189,101
10190,44
10190,68
10190,73
10190,119
10190,38
10190,51
10190,6
10190,75
10190,57
10190,17
10191,56
10191,45
10191,34
10191,54
10191,36
10191,70
10191,129
10191,134
10191,179
10191,117
10192,95
10192,69
10192,99
10192,27
10192,81
10192,72
10192,79
10192,101
10192,46
10192,103
10193,13
10193,30
10193,12
10193,6
10193,52
10193,3
10193,44
10193,24
10193,11
10193,48
10194,84
10194,86
10194,23
10194,48
10194,72
10194,59
10194,7
10194,80
10194,73
10194,24
10195,47
10195,64
10195,51
10195,60
10195,12
10195,77
10195,26
10195,72
10195,7
10195,46
10196,117
10196,87
10196,13
10196,62
10196,97
10196,3
10196,88
10196,95
10196,23
10196,116
10197,39
10197,4
10197,44
10197,72
10197,33
10197,45
10197,59
10197,55
10197,53
10197,46
10198,69
10198,59
10198,93
10198,49
10198,82
10198,64
10198,109
10198,62
10198,66
10198,41
10199,114
10199,15
10199,23
10199,11
10199,131
10199,102
10199,57
10199,101
10199,8
10199,80
10200,11
10200,15
10200,10
10200,35
10200,0
10200,38
10200,8
10200,6
10200,3
10200,52
10201,84
10201,111
10201,128
10201,52
10201,16
10201,120
10201,7
10201,49
10201,25
10201,29
10202,41
10202,10
10202,12
10202,59
10202,85
10202,19
10202,107
10202,110
10202,37
10202,133
10203,103
10203,38
10203,9
10203,33
10203,109
10203,46
10203,72
10203,10
10203,88
10203,52
10204,95
10204,113
10204,123
10204,46
10204,11
10204,30
10204,210
10204,260
10204,58
10204,246
10205,40
10205,32
10205,54
10205,9
10205,11
10205,24
10205,31
10205,61
10205,19
10205,70
10206,46
10206,36
10206,19
10206,32
10206,118
10206,21
10206,58
10206,47
10206,129
10206,50
10207,9
10207,14
10207,3
10207,50
10207,19
10207,55
10207,60
10207,51
10207,18
10207,6
10208,64
10208,66
10208,120
10208,34
10208,124
10208,24
10208,13
10208,50
10208,105
10208,37
10210,106
10210,142
10210,72
10210,115
10210,62
10210,92
10210,55
10210,95
10210,48
10210,84
10211,143
10211,34
10211,124
10211,111
10211,33
10211,91
10211,61
10211,112
10211,158
10211,138
10212,31
10212,10
10212,7
10212,40
10212,45
10212,53
10212,29
10212,44
10212,5
10212,34
10213,12
10213,7
10213,48
10213,1
10213,14
10213,52
10213,29
10213,21
10213,46
10213,31
10214,32
10214,41
10214,35
10214,122
10214,108
10214,112
10214,56
10214,78
10214,37
10214,80
10215,39
10215,51
10215,13
10215,53
10215,50
10215,36
10215,73
10215,30
10215,34
10215,6
10216,18
10216,29
10216,27
10216,43
10216,6
10216,36
10216,54
10216,31
10216,14
10216,0
10217,22
10217,37
10217,2
10217,20
10217,3
10217,105
10217,13
10217,33
10217,42
10217,107
10218,98
10218,44
10218,115
10218,35
10218,132
10218,172
10218,22
10218,145
10218,32
10218,21
10219,39
10219,6
10219,64
10219,70
10219,80
10219,134
10219,104
10219,101
10219,30
10219,47
10220,16
10220,42
10220,17
10220,64
10220,88
10220,20
10220,14
10220,0
10220,68
10220,33
10221,96
10221,6
10221,39
10221,65
10221,128
10221,126
10221,64
10221,124
10221,31
10221,77
10222,65
10222,26
10222,108
10222,53
10222,63
10222,110
10222,107
10222,7
10222,13
10222,113
10223,34
10223,44
10223,2
10223,6
10223,12
10223,31
10223,0
10223,29
10223,37
10223,3
10224,16
10224,24
10224,142
10224,75
10224,82
10224,37
10224,17
10224,8
10224,87
10224,4
10225,57
10225,33
10225,52
10225,41
10225,54
10225,32
10225,42
10225,5
10225,56
10225,61
10226,41
10226,77
10226,26
10226,57
10226,46
10226,36
10226,73
10226,68
10226,103
10226,51
10227,111
10227,12
10227,164
10227,33
10227,57
10227,158
10227,51
10227,58
10227,176
10227,152
10228,138
10228,43
10228,18
10228,15
10228,16
10228,70
10228,10
10228,30
10228,54
10228,7
10229,51
10229,61
10229,24
10229,25
10229,23
10229,26
10229,18
10229,47
10229,57
10229,17
10230,70
10230,62
10230,77
10230,81
10230,88
10230,11
10230,33
10230,6
10230,44
10230,66
10231,34
10231,76
10231,122
10231,7
10231,18
10231,79
10231,92
10231,22
10231,65
10231,26
10232,111
10232,61
10232,139
10232,9
10232,46
10232,83
10232,16
10232,94
10232,62
10232,40
10233,88
10233,0
10233,59
10233,91
10233,17
10233,75
10233,48
10233,23
10233,64
10233,30
10234,52
10234,59
10234,23
10234,44
10234,5
10234,73
10234,40
10234,61
10234,2
10234,24
10235,58
10235,72
10235,39
10235,5
10235,73
10235,53
10235,36
10235,22
10235,80
10235,1
10236,77
10236,61
10236,87
10236,71
10236,95
10236,123
10236,16
10236,29
10236,67
10236,30
10237,77
10237,63
10237,131
10237,106
10237,108
10237,59
10237,32
10237,67
10237,68
10237,45
10238,61
10238,66
10238,96
10238,28
10238,81
10238,14
10238,2
10238,3
10238,16
10238,18
10239,46
10239,89
10239,122
10239,70
10239,113
10239,54
10239,24
10239,47
10239,104
10239,34
10240,75
10240,105
10240,121
10240,27
10240,82
10240,138
10240,79
10240,95
10240,172
10240,53
10242,44
10242,95
10242,181
10242,49
10242,109
10242,180
10242,100
10242,147
10242,108
10242,8
10243,170
10243,165
10243,145
10243,88
10243,137
10243,240
10243,112
10243,120
10243,196
10243,60
10244,3
10244,111
10244,18
10244,52
10244,33
10244,112
10244,49
10244,32
10244,85
10244,51
10245,162
10245,62
10245,94
10245,128
10245,121
10245,185
10245,149
10245,102
10245,123
10245,22
10246,31
10246,107
10246,77
10246,22
10246,93
10246,18
10246,62
10246,11
10246,10
10246,8
10247,131
10247,135
10247,141
10247,115
10247,25
10247,73
10247,81
10247,78
10247,106
10247,57
10249,42
10249,41
10249,28
10249,35
10249,55
10249,57
10249,53
10249,63
10249,49
10249,8
10250,34
10250,61
10250,22
10250,23
10250,66
10250,15
10250,24
10250,11
10250,39
10250,41
10251,168
10251,116
10251,181
10251,203
10251,199
10251,126
10251,170
10251,11
10251,121
10251,81
10252,16
10252,71
10252,11
10252,5
10252,138
10252,70
10252,51
10252,116
10252,2
10252,107
10253,127
10253,129
10253,96
10253,124
10253,114
10253,71
10253,93
10253,36
10253,74
10253,52
10254,7
10254,109
10254,10
10254,79
10254,54
10254,64
10254,19
10254,107
10254,72
10254,118
10255,7
10255,46
10255,8
10255,13
10255,30
10255,47
10255,19
10255,69
10255,25
10255,93
10256,27
10256,132
10256,219
10256,153
10256,198
10256,184
10256,163
10256,126
10256,26
10256,151
10257,123
10257,21
10257,142
10257,136
10257,17
10257,85
10257,15
10257,72
10257,8
10257,77
10258,67
10258,84
10258,1
10258,88
10258,42
10258,63
10258,87
10258,40
10258,78
10258,13
10259,68
10259,56
10259,32
10259,15
10259,65
10259,59
10259,25
10259,34
10259,33
10259,60
10260,9
10260,38
10260,29
10260,1
10260,33
10260,27
10260,91
10260,42
10260,88
10260,98
10261,17
10261,51
10261,50
10261,64
10261,27
10261,77
10261,84
10261,75
10261,22
10261,5
10262,12
10262,99
10262,8
10262,58
10262,62
10262,41
10262,46
10262,50
10262,86
10262,4
10263,47
10263,68
10263,66
10263,57
10263,61
10263,59
10263,62
10263,60
10263,63
10263,67
10264,53
10264,77
10264,69
10264,128
10264,135
10264,20
10264,68
10264,92
10264,28
10264,29
10265,149
10265,43
10265,25
10265,85
10265,60
10265,61
10265,37
10265,46
10265,159
10265,36
10266,79
10266,73
10266,21
10266,91
10266,49
10266,54
10266,31
10266,68
10266,38
10266,33
10267,100
10267,91
10267,143
10267,114
10267,70
10267,154
10267,24
10267,26
10267,79
10267,18
10268,19
10268,69
10268,58
10268,42
10268,44
10268,61
10268,73
10268,74
10268,70
10268,31
10269,59
10269,18
10269,37
10269,72
10269,58
10269,11
10269,40
10269,36
10269,71
10269,66
10270,45
10270,66
10270,38
10270,110
10270,127
10270,79
10270,23
10270,15
10270,57
10270,96
10271,25
10271,86
10271,68
10271,13
10271,114
10271,106
10271,71
10271,83
10271,118
10271,23
10272,267
10272,5
10272,325
10272,256
10272,49
10272,311
10272,33
10272,233
10272,323
10272,78
10273,25
10273,39
10273,6
10273,51
10273,41
10273,8
10273,33
10273,52
10273,1
10273,48
10274,72
10274,42
10274,0
10274,71
10274,5
10274,12
10274,16
10274,43
10274,70
10274,122
10275,0
10275,92
10275,83
10275,90
10275,63
10275,107
10275,3
10275,119
10275,15
10275,35
10276,242
10276,20
10276,198
10276,194
10276,274
10276,235
10276,168
10276,21
10276,256
10276,220
10277,17
10277,70
10277,41
10277,56
10277,71
10277,47
10277,5
10277,24
10277,7
10277,29
10278,24
10278,40
10278,22
10278,58
10278,96
10278,101
10278,95
10278,35
10278,60
10278,54
10279,172
10279,24
10279,177
10279,146
10279,128
10279,174
10279,74
10279,63
10279,116
10279,80
10280,6
10280,75
10280,108
10280,154
10280,150
10280,22
10280,69
10280,128
10280,160
10280,161
10281,38
10281,164
10281,97
10281,160
10281,43
10281,142
10281,140
10281,129
10281,64
10281,21
10282,85
10282,28
10282,46
10282,75
10282,18
10282,67
10282,29
10282,63
10282,45
10282,94
10283,71
10283,84
10283,55
10283,50
10283,79
10283,22
10283,87
10283,62
10283,52
10283,34
10284,18
10284,30
10284,44
10284,52
10284,37
10284,101
10284,49
10284,16
10284,56
10284,131
10285,5
10285,31
10285,34
10285,44
10285,13
10285,1
10285,14
10285,19
10285,42
10285,15
10286,55
10286,95
10286,29
10286,41
10286,71
10286,82
10286,12
10286,86
10286,37
10286,49
10287,12
10287,33
10287,23
10287,6
10287,1
10287,4
10287,36
10287,3
10287,40
10287,9
10288,88
10288,186
10288,24
10288,166
10288,77
10288,78
10288,79
10288,151
10288,185
10288,9
10290,90
10290,106
10290,101
10290,97
10290,43
10290,40
10290,62
10290,45
10290,2
10290,44
10291,39
10291,10
10291,34
10291,38
10291,20
10291,65
10291,24
10291,23
10291,52
10291,26
10293,9
10293,15
10293,18
10293,41
10293,22
10293,47
10293,43
10293,51
10293,34
10293,8
10294,87
10294,80
10294,54
10294,88
10294,72
10294,32
10294,49
10294,20
10294,65
10294,11
10295,35
10295,45
10295,17
10295,53
10295,4
10295,30
10295,24
10295,5
10295,36
10295,34
10296,70
10296,52
10296,46
10296,22
10296,59
10296,61
10296,88
10296,57
10296,1
10296,8
10297,47
10297,123
10297,104
10297,97
10297,135
10297,133
10297,95
10297,16
10297,54
10297,92
10298,261
10298,268
10298,242
10298,265
10298,186
10298,64
10298,297
10298,159
10298,208
10298,111
10299,19
10299,36
10299,117
10299,58
10299,75
10299,47
10299,33
10299,16
10299,88
10299,89
10300,78
10300,0
10300,10
10300,42
10300,5
10300,67
10300,9
10300,62
10300,82
10300,73
10301,42
10301,124
10301,172
10301,74
10301,5
10301,97
10301,143
10301,99
10301,98
10301,88
10302,75
10302,16
10302,49
10302,58
10302,47
10302,14
10302,33
10302,59
10302,32
10302,31
10303,44
10303,94
10303,35
10303,69
10303,18
10303,114
10303,38
10303,80
10303,40
10303,41
10305,9
10305,99
10305,32
10305,74
10305,95
10305,27
10305,62
10305,77
10305,69
10305,43
10306,98
10306,121
10306,83
10306,52
10306,65
10306,79
10306,108
10306,115
10306,95
10306,55
10307,15
10307,16
10307,55
10307,36
10307,30
10307,23
10307,57
10307,46
10307,53
10307,1
10308,33
10308,23
10308,14
10308,17
10308,5
10308,4
10308,11
10308,44
10308,1
10308,52
10310,112
10310,60
10310,40
10310,51
10310,83
10310,65
10310,32
10310,54
10310,11
10310,99
10311,37
10311,151
10311,168
10311,182
10311,145
10311,97
10311,130
10311,136
10311,101
10311,56
10312,83
10312,106
10312,24
10312,161
10312,95
10312,113
10312,147
10312,7
10312,97
10312,73
10313,117
10313,38
10313,53
10313,25
10313,133
10313,97
10313,81
10313,3
10313,91
10313,15
10315,40
10315,91
10315,35
10315,54
10315,0
10315,121
10315,29
10315,81
10315,100
10315,89
10316,54
10316,175
10316,103
10316,186
10316,202
10316,59
10316,263
10316,22
10316,35
10316,241
10317,14
10317,3
10317,43
10317,73
10317,15
10317,40
10317,78
10317,71
10317,100
10317,42
10318,193
10318,167
10318,184
10318,248
10318,173
10318,250
10318,217
10318,31
10318,115
10318,239
10319,132
10319,92
10319,58
10319,18
10319,5
10319,146
10319,105
10319,1
10319,91
10319,115
10320,63
10320,89
10320,119
10320,40
10320,83
10320,22
10320,12
10320,58
10320,15
10320,13
10321,255
10321,78
10321,79
10321,298
10321,164
10321,65
10321,302
10321,69
10321,37
10321,162
10322,10
10322,83
10322,73
10322,30
10322,21
10322,62
10322,18
10322,1
10322,8
10322,15
10324,16
10324,70
10324,93
10324,111
10324,166
10324,33
10324,162
10324,142
10324,160
10324,21
10325,94
10325,79
10325,105
10325,46
10325,45
10325,29
10325,27
10325,65
10325,96
10325,48
10326,116
10326,53
10326,33
10326,73
10326,10
10326,12
10326,107
10326,109
10326,99
10326,1
10327,123
10327,124
10327,79
10327,33
10327,46
10327,37
10327,83
10327,49
10327,84
10327,87
10328,107
10328,54
10328,202
10328,49
10328,159
10328,29
10328,123
10328,174
10328,71
10328,201
10329,72
10329,26
10329,66
10329,130
10329,80
10329,157
10329,155
10329,14
10329,111
10329,118
10330,43
10330,19
10330,72
10330,34
10330,25
10330,62
10330,67
10330,13
10330,15
10330,46
10331,30
10331,22
10331,19
10331,15
10331,32
10331,47
10331,0
10331,11
10331,18
10331,31
10332,67
10332,54
10332,112
10332,26
10332,165
10332,86
10332,159
10332,38
10332,147
10332,56
10333,32
10333,23
10333,6
10333,1
10333,76
10333,38
10333,66
10333,67
10333,18
10333,7
10334,116
10334,93
10334,54
10334,89
10334,71
10334,123
10334,102
10334,86
10334,36
10334,122
10335,62
10335,70
10335,57
10335,15
10335,58
10335,96
10335,24
10335,20
10335,100
10335,18
10337,74
10337,54
10337,63
10337,16
10337,92
10337,15
10337,105
10337,90
10337,103
10337,66
10338,44
10338,6
10338,7
10338,120
10338,20
10338,136
10338,100
10338,140
10338,78
10338,21
10339,47
10339,57
10339,16
10339,8
10339,55
10339,58
10339,25
10339,7
10339,51
10339,3
10340,19
10340,26
10340,73
10340,23
10340,87
10340,90
10340,61
10340,57
10340,93
10340,30
10341,1
10341,31
10341,26
10341,56
10341,65
10341,100
10341,87
10341,6
10341,117
10341,73
10342,92
10342,166
10342,76
10342,61
10342,71
10342,146
10342,22
10342,68
10342,35
10342,48
10343,83
10343,34
10343,40
10343,11
10343,44
10343,12
10343,27
10343,43
10343,51
10343,25
10344,54
10344,26
10344,109
10344,64
10344,59
10344,111
10344,103
10344,125
10344,62
10344,80
10345,56
10345,127
10345,62
10345,135
10345,40
10345,51
10345,112
10345,78
10345,53
10345,57
10346,79
10346,56
10346,99
10346,33
10346,101
10346,132
10346,66
10346,76
10346,18
10346,62
10347,63
10347,14
10347,75
10347,89
10347,39
10347,109
10347,88
10347,105
10347,19
10347,82
10349,30
10349,7
10349,52
10349,59
10349,123
10349,80
10349,100
10349,74
10349,102
10349,79
10350,66
10350,121
10350,39
10350,139
10350,135
10350,68
10350,73
10350,14
10350,132
10350,35
10352,137
10352,83
10352,122
10352,115
10352,105
10352,34
10352,89
10352,25
10352,48
10352,114
10353,71
10353,15
10353,72
10353,105
10353,91
10353,35
10353,56
10353,10
10353,88
10353,58
10354,33
10354,34
10354,35
10354,22
10354,31
10354,30
10354,26
10354,29
10354,46
10354,19
10355,48
10355,66
10355,144
10355,105
10355,33
10355,128
10355,44
10355,136
10355,84
10355,92
10356,84
10356,205
10356,72
10356,38
10356,148
10356,98
10356,53
10356,47
10356,96
10356,16
10357,48
10357,75
10357,52
10357,58
10357,32
10357,41
10357,38
10357,45
10357,53
10357,17
10358,16
10358,46
10358,38
10358,22
10358,66
10358,71
10358,56
10358,65
10358,68
10358,33
10359,18
10359,111
10359,103
10359,108
10359,44
10359,112
10359,38
10359,104
10359,113
10359,50
10360,53
10360,27
10360,35
10360,50
10360,25
10360,33
10360,69
10360,68
10360,30
10360,19
10361,32
10361,92
10361,68
10361,82
10361,9
10361,67
10361,87
10361,18
10361,79
10361,5
10362,70
10362,45
10362,10
10362,80
10362,69
10362,59
10362,5
10362,37
10362,27
10362,46
10364,30
10364,38
10364,21
10364,4
10364,31
10364,13
10364,22
10364,35
10364,23
10364,27
10365,53
10365,145
10365,76
10365,16
10365,90
10365,129
10365,150
10365,157
10365,7
10365,103
10366,65
10366,38
10366,70
10366,10
10366,36
10366,43
10366,59
10366,69
10366,73
10366,52
10367,64
10367,121
10367,99
10367,8
10367,106
10367,11
10367,187
10367,110
10367,105
10367,42
10368,66
10368,26
10368,20
10368,4
10368,0
10368,41
10368,62
10368,52
10368,36
10368,12
10369,84
10369,142
10369,174
10369,81
10369,14
10369,24
10369,80
10369,148
10369,58
10369,27
10370,1
10370,40
10370,38
10370,57
10370,35
10370,33
10370,45
10370,54
10370,27
10370,52
10371,17
10371,0
10371,9
10371,54
10371,70
10371,35
10371,26
10371,57
10371,117
10371,115
10372,71
10372,122
10372,42
10372,104
10372,121
10372,11
10372,135
10372,23
10372,109
10372,140
10373,181
10373,87
10373,74
10373,197
10373,167
10373,134
10373,155
10373,132
10373,25
10373,153
10374,113
10374,53
10374,21
10374,37
10374,111
10374,118
10374,72
10374,99
10374,14
10374,28
10375,4
10375,59
10375,67
10375,42
10375,10
10375,71
10375,34
10375,46
10375,19
10375,96
10376,55
10376,36
10376,272
10376,5
10376,274
10376,309
10376,330
10376,8
10376,223
10376,254
10377,8
10377,6
10377,9
10377,12
10377,16
10377,4
10377,2
10377,15
10377,1
10377,3
10378,5
10378,38
10378,37
10378,16
10378,30
10378,0
10378,9
10378,11
10378,32
10378,34
10379,70
10379,113
10379,2
10379,5
10379,24
10379,93
10379,65
10379,8
10379,16
10379,75
10380,49
10380,64
10380,46
10380,55
10380,25
10380,12
10380,81
10380,84
10380,28
10380,35
10381,71
10381,116
10381,59
10381,11
10381,126
10381,93
10381,45
10381,6
10381,186
10381,73
10382,5
10382,33
10382,3
10382,57
10382,2
10382,58
10382,51
10382,10
10382,12
10382,0
10383,93
10383,37
10383,241
10383,193
10383,306
10383,175
10383,196
10383,191
10383,120
10383,271
10384,18
10384,35
10384,64
10384,41
10384,73
10384,9
10384,2
10384,13
10384,25
10384,66
10385,14
10385,30
10385,41
10385,8
10385,12
10385,55
10385,13
10385,46
10385,31
10385,6
10386,48
10386,7
10386,3
10386,93
10386,30
10386,61
10386,44
10386,70
10386,76
10386,13
10387,116
10387,163
10387,221
10387,311
10387,83
10387,186
10387,208
10387,319
10387,70
10387,71
10388,10
10388,6
10388,26
10388,15
10388,20
10388,31
10388,3
10388,7
10388,32
10388,9
10389,32
10389,5
10389,3
10389,56
10389,67
10389,57
10389,58
10389,22
10389,81
10389,85
10390,79
10390,22
10390,89
10390,88
10390,36
10390,45
10390,85
10390,68
10390,59
10390,81
10391,44
10391,134
10391,60
10391,120
10391,77
10391,26
10391,145
10391,39
10391,142
10391,141
10392,46
10392,68
10392,89
10392,20
10392,105
10392,100
10392,11
10392,66
10392,118
10392,67
10393,35
10393,56
10393,63
10393,40
10393,23
10393,33
10393,17
10393,62
10393,19
10393,67
10394,140
10394,85
10394,59
10394,196
10394,30
10394,51
10394,89
10394,75
10394,46
10394,102
10395,60
10395,63
10395,66
10395,52
10395,33
10395,44
10395,56
10395,38
10395,14
10395,39
10396,37
10396,182
10396,154
10396,216
10396,284
10396,325
10396,43
10396,88
10396,213
10396,281
10397,88
10397,179
10397,204
10397,78
10397,191
10397,123
10397,192
10397,89
10397,104
10397,155
10398,6
10398,21
10398,15
10398,8
10398,9
10398,20
10398,10
10398,22
10398,5
10398,1
10399,11
10399,5
10399,23
10399,59
10399,12
10399,70
10399,2
10399,31
10399,68
10399,65
10400,86
10400,9
10400,23
10400,114
10400,85
10400,92
10400,24
10400,14
10400,76
10400,100
10401,87
10401,84
10401,115
10401,86
10401,20
10401,118
10401,93
10401,109
10401,37
10401,18
10402,62
10402,115
10402,123
10402,40
10402,116
10402,97
10402,56
10402,42
10402,20
10402,140
10403,2
10403,25
10403,35
10403,3
10403,17
10403,0
10403,30
10403,16
10403,13
10403,38
10404,4
10404,7
10404,1
10404,22
10404,31
10404,14
10404,13
10404,48
10404,30
10404,36
10405,83
10405,94
10405,93
10405,39
10405,67
10405,65
10405,68
10405,34
10405,57
10405,74
10406,176
10406,4
10406,164
10406,16
10406,61
10406,76
10406,18
10406,146
10406,158
10406,96
10407,63
10407,23
10407,24
10407,33
10407,1
10407,61
10407,48
10407,54
10407,60
10407,46
10408,113
10408,124
10408,93
10408,8
10408,63
10408,18
10408,134
10408,74
10408,23
10408,184
10409,17
10409,30
10409,21
10409,3
10409,12
10409,20
10409,26
10409,35
10409,19
10409,11
10410,222
10410,87
10410,199
10410,183
10410,94
10410,111
10410,162
10410,198
10410,56
10410,85
10411,21
10411,23
10411,18
10411,44
10411,20
10411,36
10411,32
10411,57
10411,30
10411,24
10412,4
10412,1
10412,31
10412,74
10412,68
10412,2
10412,11
10412,27
10412,62
10412,80
10413,42
10413,34
10413,48
10413,14
10413,7
10413,29
10413,25
10413,0
10413,8
10413,53
10414,2
10414,41
10414,67
10414,50
10414,1
10414,29
10414,19
10414,30
10414,25
10414,49
10415,97
10415,16
10415,89
10415,101
10415,72
10415,135
10415,126
10415,100
10415,88
10415,71
10416,48
10416,50
10416,4
10416,19
10416,22
10416,12
10416,5
10416,17
10416,8
10416,56
10417,151
10417,133
10417,50
10417,93
10417,20
10417,46
10417,72
10417,105
10417,33
10417,86
10418,79
10418,74
10418,18
10418,13
10418,11
10418,49
10418,31
10418,97
10418,8
10418,43
10419,98
10419,120
10419,10
10419,165
10419,121
10419,70
10419,91
10419,146
10419,7
10419,104
10420,100
10420,40
10420,106
10420,26
10420,23
10420,80
10420,27
10420,37
10420,74
10420,4
10421,76
10421,72
10421,141
10421,24
10421,77
10421,85
10421,52
10421,44
10421,84
10421,39
10422,11
10422,88
10422,31
10422,36
10422,107
10422,94
10422,86
10422,18
10422,69
10422,49
10423,5
10423,99
10423,116
10423,75
10423,53
10423,12
10423,65
10423,86
10423,56
10423,121
10424,72
10424,30
10424,88
10424,20
10424,16
10424,45
10424,97
10424,57
10424,32
10424,71
10425,23
10425,37
10425,65
10425,39
10425,54
10425,16
10425,11
10425,8
10425,17
10425,53
10426,10
10426,0
10426,3
10426,23
10426,15
10426,21
10426,6
10426,8
10426,22
10426,13
10427,39
10427,5
10427,76
10427,83
10427,64
10427,37
10427,63
10427,81
10427,58
10427,55
10428,45
10428,10
10428,83
10428,5
10428,96
10428,38
10428,56
10428,99
10428,27
10428,4
10429,49
10429,47
10429,37
10429,19
10429,63
10429,98
10429,97
10429,9
10429,74
10429,12
10430,26
10430,43
10430,108
10430,65
10430,127
10430,89
10430,32
10430,14
10430,73
10430,8
10431,123
10431,57
10431,100
10431,65
10431,42
10431,18
10431,119
10431,77
10431,134
10431,67
10432,12
10432,175
10432,127
10432,86
10432,123
10432,76
10432,52
10432,95
10432,163
10432,64
10433,64
10433,17
10433,42
10433,50
10433,32
10433,23
10433,51
10433,37
10433,21
10433,36
10434,48
10434,8
10434,51
10434,34
10434,9
10434,7
10434,41
10434,19
10434,42
10434,36
10435,79
10435,89
10435,105
10435,126
10435,161
10435,168
10435,55
10435,31
10435,150
10435,102
10436,34
10436,106
10436,75
10436,99
10436,83
10436,55
10436,109
10436,33
10436,111
10436,87
10437,50
10437,39
10437,49
10437,25
10437,53
10437,8
10437,11
10437,36
10437,37
10437,17
10438,46
10438,22
10438,48
10438,16
10438,13
10438,77
10438,50
10438,58
10438,76
10438,42
10439,92
10439,136
10439,72
10439,95
10439,88
10439,147
10439,53
10439,48
10439,135
10439,118
10440,44
10440,103
10440,13
10440,19
10440,143
10440,14
10440,3
10440,113
10440,10
10440,40
10441,45
10441,9
10441,0
10441,22
10441,6
10441,11
10441,30
10441,44
10441,46
10441,21
10442,48
10442,24
10442,16
10442,47
10442,3
10442,43
10442,4
10442,35
10442,28
10442,18
10443,99
10443,60
10443,61
10443,34
10443,106
10443,48
10443,101
10443,92
10443,50
10443,69
10444,18
10444,55
10444,54
10444,46
10444,91
10444,100
10444,39
10444,26
10444,82
10444,29
10445,64
10445,88
10445,7
10445,85
10445,102
10445,81
10445,92
10445,94
10445,58
10445,46
10446,73
10446,54
10446,260
10446,15
10446,261
10446,276
10446,19
10446,220
10446,132
10446,232
10447,70
10447,20
10447,11
10447,124
10447,28
10447,23
10447,120
10447,192
10447,56
10447,129
10448,10
10448,107
10448,88
10448,11
10448,7
10448,31
10448,80
10448,56
10448,41
10448,50
10449,118
10449,59
10449,112
10449,67
10449,92
10449,91
10449,9
10449,87
10449,90
10449,105
10450,12
10450,25
10450,50
10450,30
10450,22
10450,26
10450,36
10450,63
10450,62
10450,32
10451,132
10451,75
10451,29
10451,123
10451,24
10451,119
10451,82
10451,45
10451,81
10451,56
10452,59
10452,23
10452,97
10452,19
10452,34
10452,35
10452,17
10452,18
10452,79
10452,49
10453,85
10453,26
10453,42
10453,137
10453,68
10453,29
10453,7
10453,73
10453,127
10453,119
10454,59
10454,44
10454,50
10454,102
10454,106
10454,39
10454,122
10454,112
10454,100
10454,89
10455,92
10455,43
10455,155
10455,12
10455,87
10455,126
10455,75
10455,25
10455,110
10455,13
10457,71
10457,7
10457,20
10457,12
10457,35
10457,38
10457,86
10457,37
10457,87
10457,1
10458,244
10458,179
10458,221
10458,202
10458,176
10458,69
10458,35
10458,10
10458,66
10458,282
10459,105
10459,122
10459,0
10459,5
10459,91
10459,117
10459,45
10459,46
10459,14
10459,34
10460,86
10460,54
10460,63
10460,21
10460,5
10460,42
10460,108
10460,68
10460,135
10460,26
10461,52
10461,65
10461,25
10461,1
10461,66
10461,72
10461,77
10461,56
10461,55
10461,16
10462,24
10462,6
10462,103
10462,125
10462,22
10462,126
10462,132
10462,111
10462,12
10462,37
10463,19
10463,28
10463,13
10463,6
10463,55
10463,71
10463,54
10463,18
10463,38
10463,16
10464,62
10464,135
10464,117
10464,129
10464,133
10464,61
10464,33
10464,64
10464,124
10464,18
10465,103
10465,33
10465,81
10465,73
10465,4
10465,139
10465,22
10465,21
10465,145
10465,9
10466,78
10466,15
10466,21
10466,101
10466,124
10466,163
10466,97
10466,84
10466,79
10466,135
10467,6
10467,44
10467,24
10467,2
10467,31
10467,22
10467,49
10467,45
10467,5
10467,13
10468,37
10468,45
10468,8
10468,67
10468,58
10468,19
10468,44
10468,2
10468,61
10468,66
10469,5
10469,7
10469,0
10469,4
10469,2
10469,6
10469,1
10469,3
10470,41
10470,62
10470,130
10470,34
10470,118
10470,146
10470,262
10470,163
10470,69
10470,27
10471,86
10471,57
10471,50
10471,83
10471,65
10471,55
10471,120
10471,22
10471,23
10471,112
10472,80
10472,45
10472,84
10472,26
10472,60
10472,48
10472,27
10472,13
10472,9
10472,12
10473,16
10473,60
10473,30
10473,4
10473,10
10473,50
10473,59
10473,55
10473,11
10473,26
10474,4
10474,89
10474,70
10474,25
10474,75
10474,24
10474,34
10474,33
10474,15
10474,62
10475,44
10475,69
10475,60
10475,92
10475,118
10475,30
10475,58
10475,51
10475,81
10475,120
10476,25
10476,20
10476,15
10476,77
10476,17
10476,8
10476,33
10476,31
10476,71
10476,11
10477,56
10477,44
10477,15
10477,26
10477,40
10477,32
10477,10
10477,1
10477,35
10477,13
10478,87
10478,74
10478,151
10478,73
10478,147
10478,98
10478,133
10478,66
10478,145
10478,51
10479,33
10479,66
10479,89
10479,81
10479,46
10479,8
10479,38
10479,21
10479,16
10479,44
10480,25
10480,89
10480,46
10480,112
10480,105
10480,91
10480,13
10480,93
10480,82
10480,108
10481,34
10481,83
10481,48
10481,28
10481,85
10481,45
10481,5
10481,52
10481,81
10481,57
10482,116
10482,162
10482,5
10482,90
10482,112
10482,83
10482,167
10482,130
10482,87
10482,156
10483,13
10483,12
10483,23
10483,10
10483,8
10483,27
10483,20
10483,17
10483,1
10483,26
10484,15
10484,84
10484,25
10484,86
10484,62
10484,104
10484,12
10484,98
10484,33
10484,77
10485,54
10485,85
10485,8
10485,40
10485,62
10485,38
10485,67
10485,105
10485,64
10485,5
10486,9
10486,16
10486,40
10486,28
10486,38
10486,4
10486,3
10486,29
10486,7
10486,39
10487,54
10487,30
10487,27
10487,63
10487,41
10487,64
10487,36
10487,59
10487,33
10487,38
10488,117
10488,161
10488,39
10488,59
10488,54
10488,87
10488,107
10488,99
10488,88
10488,33
10489,71
10489,148
10489,163
10489,88
10489,56
10489,39
10489,7
10489,24
10489,22
10489,133
10490,69
10490,60
10490,110
10490,35
10490,67
10490,24
10490,18
10490,70
10490,7
10490,3
10491,30
10491,25
10491,10
10491,17
10491,21
10491,11
10491,40
10491,14
10491,0
10491,28
10492,106
10492,84
10492,58
10492,4
10492,45
10492,100
10492,97
10492,94
10492,67
10492,56
10493,33
10493,92
10493,0
10493,66
10493,5
10493,84
10493,90
10493,77
10493,15
10493,85
10495,46
10495,56
10495,47
10495,12
10495,55
10495,5
10495,0
10495,30
10495,58
10495,22
10496,273
10496,222
10496,213
10496,169
10496,269
10496,266
10496,272
10496,32
10496,260
10496,101
10497,78
10497,24
10497,6
10497,74
10497,46
10497,54
10497,104
10497,23
10497,72
10497,1
10498,129
10498,28
10498,20
10498,206
10498,208
10498,52
10498,113
10498,181
10498,36
10498,175
10499,152
10499,142
10499,96
10499,141
10499,116
10499,84
10499,136
10499,38
10499,130
10499,143
10500,115
10500,52
10500,67
10500,110
10500,5
10500,44
10500,91
10500,99
10500,28
10500,63
10502,81
10502,89
10502,37
10502,21
10502,47
10502,87
10502,63
10502,46
10502,83
10502,79
10503,80
10503,74
10503,114
10503,98
10503,141
10503,14
10503,6
10503,71
10503,24
10503,149
10504,28
10504,180
10504,104
10504,72
10504,122
10504,151
10504,70
10504,86
10504,156
10504,100
10505,71
10505,0
10505,35
10505,13
10505,55
10505,133
10505,9
10505,45
10505,131
10505,132
10506,13
10506,52
10506,62
10506,7
10506,23
10506,9
10506,3
10506,6
10506,4
10506,15
10507,2
10507,18
10507,10
10507,15
10507,27
10507,32
10507,38
10507,7
10507,6
10507,0
10508,83
10508,49
10508,32
10508,144
10508,52
10508,59
10508,81
10508,88
10508,140
10508,77
10509,56
10509,62
10509,37
10509,46
10509,68
10509,60
10509,81
10509,52
10509,77
10509,17
10510,123
10510,215
10510,297
10510,232
10510,281
10510,276
10510,339
10510,300
10510,197
10510,205
10511,149
10511,17
10511,127
10511,75
10511,77
10511,7
10511,63
10511,110
10511,61
10511,6
10512,1
10512,46
10512,15
10512,20
10512,32
10512,12
10512,22
10512,55
10512,60
10512,51
10513,62
10513,24
10513,36
10513,119
10513,26
10513,89
10513,12
10513,31
10513,5
10513,98
10514,11
10514,43
10514,68
10514,53
10514,23
10514,32
10514,70
10514,24
10514,29
10514,30
10515,58
10515,18
10515,26
10515,14
10515,37
10515,35
10515,57
10515,31
10515,51
10515,2
10516,40
10516,93
10516,44
10516,38
10516,61
10516,42
10516,89
10516,11
10516,63
10516,51
10518,56
10518,59
10518,25
10518,54
10518,51
10518,42
10518,57
10518,34
10518,12
10518,62
10519,30
10519,2
10519,47
10519,36
10519,42
10519,5
10519,35
10519,31
10519,23
10519,16
10520,48
10520,15
10520,63
10520,110
10520,38
10520,83
10520,104
10520,100
10520,117
10520,52
10521,36
10521,42
10521,58
10521,35
10521,56
10521,72
10521,21
10521,1
10521,14
10521,19
10522,73
10522,141
10522,160
10522,123
10522,39
10522,5
10522,79
10522,109
10522,10
10522,6
10523,20
10523,70
10523,62
10523,83
10523,80
10523,87
10523,41
10523,60
10523,56
10523,16
10524,140
10524,30
10524,129
10524,8
10524,34
10524,144
10524,268
10524,149
10524,282
10524,68
10525,101
10525,103
10525,38
10525,116
10525,21
10525,55
10525,31
10525,102
10525,27
10525,52
10526,117
10526,77
10526,42
10526,38
10526,22
10526,16
10526,19
10526,17
10526,148
10526,43
10527,99
10527,17
10527,95
10527,10
10527,19
10527,46
10527,26
10527,20
10527,102
10527,91
10528,26
10528,104
10528,38
10528,73
10528,43
10528,37
10528,87
10528,109
10528,27
10528,90
10529,129
10529,175
10529,189
10529,82
10529,319
10529,347
10529,266
10529,54
10529,59
10529,223
10530,74
10530,79
10530,120
10530,43
10530,48
10530,29
10530,8
10530,56
10530,47
10530,52
10531,75
10531,6
10531,164
10531,66
10531,62
10531,38
10531,53
10531,54
10531,51
10531,123
10532,56
10532,42
10532,194
10532,178
10532,95
10532,61
10532,50
10532,57
10532,55
10532,18
